PERIOD,private_age_f,private_age2_f,private_exper_f,private_exper2_f,private_chomage5_f,private_invalide5_f,private_inactif5_f,private_cons_f,independent_age_f,independent_age2_f,independent_exper_f,independent_exper2_f,independent_chomage5_f,independent_invalide5_f,independent_inactif5_f,independent_cons_f,public_age_f,public_age2_f,public_exper_f,public_exper2_f,public_chomage5_f,public_invalide5_f,public_inactif5_f,public_cons_f
2009,-.2397703,.0026626,-.1172042,.0021607,-.1810229,.8733546,-.9094191,9.046267,0,0,0,0,0,0,0,0,-.1151868,.0024602,-.0734107,-.000658,-.7506834,-2.124747,-.2416692,2.917471
2010,-.2397703,.0026626,-.1172042,.0021607,-.1810229,.8733546,-.9094191,9.046267,0,0,0,0,0,0,0,0,-.1151868,.0024602,-.0734107,-.000658,-.7506834,-2.124747,-.2416692,2.917471
2011,-.2397703,.0026626,-.1172042,.0021607,-.1810229,.8733546,-.9094191,9.046267,0,0,0,0,0,0,0,0,-.1151868,.0024602,-.0734107,-.000658,-.7506834,-2.124747,-.2416692,2.917471
2012,-.2397703,.0026626,-.1172042,.0021607,-.1810229,.8733546,-.9094191,9.046267,0,0,0,0,0,0,0,0,-.1151868,.0024602,-.0734107,-.000658,-.7506834,-2.124747,-.2416692,2.917471
2013,-.2397703,.0026626,-.1172042,.0021607,-.1810229,.8733546,-.9094191,9.046267,0,0,0,0,0,0,0,0,-.1151868,.0024602,-.0734107,-.000658,-.7506834,-2.124747,-.2416692,2.917471
2014,-.2397703,.0026626,-.1172042,.0021607,-.1810229,.8733546,-.9094191,9.046267,0,0,0,0,0,0,0,0,-.1151868,.0024602,-.0734107,-.000658,-.7506834,-2.124747,-.2416692,2.917471
2015,-.2397703,.0026626,-.1172042,.0021607,-.1810229,.8733546,-.9094191,9.046267,0,0,0,0,0,0,0,0,-.1151868,.0024602,-.0734107,-.000658,-.7506834,-2.124747,-.2416692,2.917471
