PERIOD,private_age_m,private_age2_m,private_xpr_m,private_xpr2_m,private_chomage5_m,private_invalide5_m,private_inactif5_m,private_enf_m,private_ageenf_m,private_cons_m,independent_age_m,independent_age2_m,independent_xpr_m,independent_xpr2_m,independent_chomage5_m,independent_invalide5_m,independent_inactif5_m,independent_enf_m,independent_ageenf_m,independent_cons_m,public_age_m,public_age2_m,public_xpr_m,public_xpr2_m,public_chomage5_m,public_invalide5_m,public_inactif5_m,public_enf_m,public_ageenf_m,public_cons_m
2009,-.2419461,.002439,-.0707455,.0021046,-.1566083,1.033604,-.3872256,.2326808,-.0366843,9.758934,0,0,0,0,0,0,0,0,0,0,-.042146,.0003239,-.0235159,.0008607,-.793014,-1.379075,-.1068695,1.113191,-.0185996,3.062492
2010,-.2419461,.002439,-.0707455,.0021046,-.1566083,1.033604,-.3872256,.2326808,-.0366843,9.758934,0,0,0,0,0,0,0,0,0,0,-.042146,.0003239,-.0235159,.0008607,-.793014,-1.379075,-.1068695,1.113191,-.0185996,3.062492
2011,-.2419461,.002439,-.0707455,.0021046,-.1566083,1.033604,-.3872256,.2326808,-.0366843,9.758934,0,0,0,0,0,0,0,0,0,0,-.042146,.0003239,-.0235159,.0008607,-.793014,-1.379075,-.1068695,1.113191,-.0185996,3.062492
2012,-.2419461,.002439,-.0707455,.0021046,-.1566083,1.033604,-.3872256,.2326808,-.0366843,9.758934,0,0,0,0,0,0,0,0,0,0,-.042146,.0003239,-.0235159,.0008607,-.793014,-1.379075,-.1068695,1.113191,-.0185996,3.062492
2013,-.2419461,.002439,-.0707455,.0021046,-.1566083,1.033604,-.3872256,.2326808,-.0366843,9.758934,0,0,0,0,0,0,0,0,0,0,-.042146,.0003239,-.0235159,.0008607,-.793014,-1.379075,-.1068695,1.113191,-.0185996,3.062492
2014,-.2419461,.002439,-.0707455,.0021046,-.1566083,1.033604,-.3872256,.2326808,-.0366843,9.758934,0,0,0,0,0,0,0,0,0,0,-.042146,.0003239,-.0235159,.0008607,-.793014,-1.379075,-.1068695,1.113191,-.0185996,3.062492
2015,-.2419461,.002439,-.0707455,.0021046,-.1566083,1.033604,-.3872256,.2326808,-.0366843,9.758934,0,0,0,0,0,0,0,0,0,0,-.042146,.0003239,-.0235159,.0008607,-.793014,-1.379075,-.1068695,1.113191,-.0185996,3.062492
