gender,period,,,,,,,,,,,,,,,,,,,,,,,,,,,,,
,2000,2001,2002,2003,2004,2005,2006,2007,2008,2009,2010,2011,2012,2013,2014,2015,2016,2017,2018,2019,2020,2021,2022,2023,2024,2025,2026,2027,2028,2029
1,-.2397703,.0026626,-.1172042,.0021607,-.1810229,.8733546,-.9094191,9.046267,0,0,0,0,0,0,0,0,-.1151868,.0024602,-.0734107,-.000658,-.7506834,-2.124747,-.2416692,2.917471,0,0,0,0,0,0
2,-.2419461,.002439,-.0707455,.0021046,-.1566083,1.033604,-.3872256,.2326808,-.0366843,9.758934,0,0,0,0,0,0,0,0,0,0,-.042146,.0003239,-.0235159,.0008607,-.793014,-1.379075,-.1068695,1.113191,-.0185996,3.062492
3,0,0,0,0,0,0,0,0,-.0220764,.0003883,-.114523,.002211,1.515355,-2.426158,.3540119,2.322264,-.2359097,.0041042,-.1289808,.0009493,-.4918027,-3.642126,2.936019,4.532702,0,0,0,0,0,0
4,0,0,0,0,0,0,0,0,0,0,-.069121,.0013461,-.0702456,.0013782,1.326877,-2.201766,.3612766,.1253411,-.0004316,2.042923,-.2031848,.0034879,-.0653437,.0005217,-.6288812,-3.158681,2.716515,.2303943,-.0024181,3.423195
